{"epoch": 10, "train_loss": 0.38759446144104004, "val_loss": 0.3881222605705261, "train_acc": 0.8065878378378378, "val_acc": 0.8100721633655765, "train_precision": 0.5788126919140225, "val_precision": 0.5859053497942387, "train_recall": 0.7215311004784689, "val_recall": 0.7250159134309357, "train_f1": 0.6423399119693313, "val_f1": 0.6480796586059744, "_timestamp": 1677001422.6052456, "_runtime": 11.773801565170288, "_step": 10, "model": {"_type": "graph-file", "sha256": "ef976337f45d429806f443c69840a6398009035e3a393930fbd84cf84f17f940", "size": 192, "path": "media/graph/model_summary_ef976337f45d429806f4.graph.json"}, "test_loss": 0.3948812484741211, "test_acc": 0.8027888446215139, "test_precision": 0.5798687089715536, "test_recall": 0.7162162162162162, "test_f1": 0.6408706166868198, "_wandb": {"runtime": 10}}