{"epoch": 1, "train_loss": 0.41108110547065735, "val_loss": 0.40983664989471436, "train_acc": 0.8005988943488943, "val_acc": 0.8048518347919545, "train_precision": 0.5779032725166522, "val_precision": 0.5889679715302492, "train_recall": 0.6365231259968102, "val_recall": 0.6320814767663908, "train_f1": 0.6057984213721919, "val_f1": 0.6097635861221983, "train_cm": [[16863, 2915], [2279, 3991]], "val_cm": [[4249, 693], [578, 993]], "_timestamp": 1676991777.1089218, "_runtime": 9.698005676269531, "_step": 1, "_wandb": {"runtime": 8}}