{"epoch": 10, "train_loss": 0.37351012229919434, "train_acc": 0.8110411547911548, "train_precision": 0.6115524660708375, "train_recall": 0.5893141945773525, "train_f1": 0.600227420402859, "val_loss": 0.37367382645606995, "val_acc": 0.8143712574850299, "val_precision": 0.619550858652576, "val_recall": 0.5970719287078294, "val_f1": 0.6081037277147487, "_timestamp": 1676987876.678924, "_runtime": 12.865761995315552, "_step": 10, "test_loss": 0.3821014165878296, "_wandb": {"runtime": 11}}