{"epoch": 1, "train_loss": 0.4085714817047119, "_timestamp": 1676989369.051995, "_runtime": 10.817300081253052, "_step": 1, "train_acc": 0.8006756756756757, "val_acc": 0.8060801473975127, "train_precision": 0.5791483113069016, "val_precision": 0.5937880633373934, "train_recall": 0.6290271132376396, "val_recall": 0.6206238064926798, "train_f1": 0.6030581039755352, "val_f1": 0.6069094304388422, "_wandb": {"runtime": 9}}