{"model": {"_type": "graph-file", "sha256": "ef976337f45d429806f443c69840a6398009035e3a393930fbd84cf84f17f940", "size": 192, "path": "media/graph/model_summary_ef976337f45d429806f4.graph.json"}, "epoch": 10, "train_loss": 0.38838818669319153, "val_loss": 0.38902249932289124, "train_acc": 0.8043227886977887, "val_acc": 0.8086903116843237, "train_precision": 0.5799155198255893, "val_precision": 0.5901275651691625, "train_recall": 0.6787878787878788, "val_recall": 0.6772756206238065, "train_f1": 0.6254684400029392, "val_f1": 0.6307053941908715, "model_graph": {"_type": "image-file", "sha256": "41cea526c559b762cfa36abbd1e8cc34d7275ce90b031839672700343b5cca46", "size": 107803, "path": "media/images/model_graph_9_41cea526c559b762cfa3.png", "format": "png", "width": 1175, "height": 1687}, "_timestamp": 1677003122.7056732, "_runtime": 15.442633152008057, "_step": 10, "test_loss": 0.39651307463645935, "test_acc": 0.7990039840637451, "test_precision": 0.5785297549591598, "test_recall": 0.67, "test_f1": 0.6209142141515341, "_wandb": {"runtime": 14}}