{"epoch": 1, "train_loss": 0.40883001685142517, "val_loss": 0.40746238827705383, "train_acc": 0.801097972972973, "val_acc": 0.8082296944572394, "train_precision": 0.5814023022873375, "val_precision": 0.5988943488943489, "train_recall": 0.6202551834130782, "val_recall": 0.6206238064926798, "train_f1": 0.6002006327648738, "val_f1": 0.6095654892153798, "_timestamp": 1676990194.3239372, "_runtime": 15.87932014465332, "_step": 1, "_wandb": {"runtime": 14}}