{"epoch": 1, "train_loss": 0.4118208587169647, "val_loss": 0.4100371301174164, "train_acc": 0.7982954545454546, "val_acc": 0.8037770612620913, "train_precision": 0.5712682379349046, "val_precision": 0.5843408175014393, "train_recall": 0.6494417862838916, "val_recall": 0.6460852959898155, "train_f1": 0.6078519181967457, "val_f1": 0.6136638452237002, "_timestamp": 1676991485.4653366, "_runtime": 11.718530654907227, "_step": 1, "_wandb": {"runtime": 10}}