{"epoch": 10, "train_loss": 0.3857024610042572, "val_loss": 0.3861328661441803, "train_acc": 0.8074324324324325, "val_acc": 0.8076155381544603, "train_precision": 0.5831785619527726, "val_precision": 0.5853004291845494, "train_recall": 0.7011164274322169, "val_recall": 0.694462126034373, "train_f1": 0.6367323290845887, "val_f1": 0.6352256186317322, "_timestamp": 1677001118.8355503, "_runtime": 14.1498281955719, "_step": 10, "model": {"_type": "graph-file", "sha256": "ef976337f45d429806f443c69840a6398009035e3a393930fbd84cf84f17f940", "size": 192, "path": "media/graph/model_summary_ef976337f45d429806f4.graph.json"}, "test_loss": 0.39372438192367554, "test_acc": 0.803187250996016, "test_precision": 0.5832202623247399, "test_recall": 0.697027027027027, "test_f1": 0.6350652548633341}