{"epoch": 10, "train_loss": 0.38478946685791016, "val_loss": 0.3839964270591736, "_timestamp": 1676987329.2137773, "_runtime": 11.206533193588257, "_step": 10, "test_loss": 0.39011427760124207, "_wandb": {"runtime": 10}}