{"epoch": 1, "train_loss": 0.4106704890727997, "val_loss": 0.4105195999145508, "train_acc": 0.7996007371007371, "val_acc": 0.8025487486565331, "train_precision": 0.5728155339805825, "val_precision": 0.5797425853385563, "train_recall": 0.6586921850079744, "val_recall": 0.6594525779758116, "train_f1": 0.612759643916914, "val_f1": 0.6170339487790352, "_timestamp": 1676991571.939588, "_runtime": 10.163944005966187, "_step": 1, "_wandb": {"runtime": 9}}