{"epoch": 30, "train_loss": 0.3871820271015167, "val_loss": 0.3878430724143982, "train_acc": 0.8067030098280098, "val_acc": 0.8083832335329342, "train_precision": 0.5771007616431515, "val_precision": 0.5802285146547441, "train_recall": 0.7371610845295056, "val_recall": 0.743475493316359, "train_f1": 0.6473842706071855, "val_f1": 0.6517857142857142, "_timestamp": 1677000995.6740758, "_runtime": 20.913639783859253, "_step": 30, "model": {"_type": "graph-file", "sha256": "ef976337f45d429806f443c69840a6398009035e3a393930fbd84cf84f17f940", "size": 192, "path": "media/graph/model_summary_ef976337f45d429806f4.graph.json"}, "test_loss": 0.3960980474948883, "test_acc": 0.801195219123506, "test_precision": 0.5751063829787234, "test_recall": 0.7305405405405405, "test_f1": 0.6435714285714286}