{"epoch": 1, "train_loss": 0.41291379928588867, "_timestamp": 1676989230.896615, "_runtime": 11.808947086334229, "_step": 1, "train_acc": 0.7991784398034398, "val_acc": 0.8031629049593122, "train_precision": 0.5732412237417172, "val_precision": 0.583865351131747, "train_recall": 0.6484848484848484, "val_recall": 0.6403564608529599, "train_f1": 0.6085459851829679, "val_f1": 0.6108075288403157, "_wandb": {"runtime": 10}}