{"epoch": 10, "train_loss": 0.3919568359851837, "val_loss": 0.392556369304657, "train_acc": 0.8045531326781327, "val_acc": 0.805926608321818, "train_precision": 0.5853729181752353, "val_precision": 0.5904537418974661, "train_recall": 0.6446570972886763, "val_recall": 0.6378103119032463, "train_f1": 0.6135863377609108, "val_f1": 0.613219094247246, "_timestamp": 1676998463.2993572, "_runtime": 14.156110286712646, "_step": 10, "_wandb": {"runtime": 13}}