{"epoch": 10, "train_loss": 0.37689727544784546, "val_loss": 0.3773890733718872, "train_acc": 0.8158783783783784, "val_acc": 0.82081989866421, "train_precision": 0.6006006006006006, "val_precision": 0.6101417666303163, "train_recall": 0.7017543859649122, "val_recall": 0.7122851686823679, "train_f1": 0.6472491909385113, "val_f1": 0.6572687224669603, "_timestamp": 1676998053.302283, "_runtime": 11.633932113647461, "_step": 10, "_wandb": {"runtime": 10}}