{"model": {"_type": "graph-file", "sha256": "ef976337f45d429806f443c69840a6398009035e3a393930fbd84cf84f17f940", "size": 192, "path": "media/graph/model_summary_ef976337f45d429806f4.graph.json"}, "epoch": 10, "train_loss": 0.3824270963668823, "val_loss": 0.38333842158317566, "train_acc": 0.8043227886977887, "val_acc": 0.8094580070627975, "train_precision": 0.5780439121756487, "val_precision": 0.5889008620689655, "train_recall": 0.692822966507177, "val_recall": 0.6957352005092298, "train_f1": 0.6302502720348204, "val_f1": 0.6378756930259702, "model_graph": {"_type": "image-file", "sha256": "41cea526c559b762cfa36abbd1e8cc34d7275ce90b031839672700343b5cca46", "size": 107803, "path": "media/images/model_graph_9_41cea526c559b762cfa3.png", "format": "png", "width": 1175, "height": 1687}, "_timestamp": 1677002971.5307431, "_runtime": 14.998302221298218, "_step": 10, "_wandb": {"runtime": 14}}