{"epoch": 10, "train_loss": 0.3827780783176422, "val_loss": 0.38054218888282776, "train_acc": 0.8049754299754299, "val_acc": 0.8111469368954399, "train_precision": 0.5812619502868069, "val_precision": 0.594355285002767, "train_recall": 0.6787878787878788, "val_recall": 0.6836409929980903, "train_f1": 0.6262507357268982, "val_f1": 0.6358792184724689, "_timestamp": 1676998894.3600125, "_runtime": 13.69684648513794, "_step": 10, "_wandb": {"runtime": 12}}