{"epoch": 10, "train_loss": 0.38677850365638733, "val_loss": 0.3882913887500763, "train_acc": 0.8025184275184275, "val_acc": 0.8016275142023646, "train_precision": 0.56870881132536, "val_precision": 0.5681485100146556, "train_recall": 0.7432216905901117, "val_recall": 0.7402928071292171, "train_f1": 0.644358407079646, "val_f1": 0.6428966279712548, "_timestamp": 1676999240.4465606, "_runtime": 12.100412607192993, "_step": 10, "test_loss": 0.39421015977859497, "test_acc": 0.796480743691899, "test_precision": 0.5659123936059788, "test_recall": 0.7367567567567568, "test_f1": 0.6401315017024775, "_wandb": {"runtime": 11}}