{"epoch": 10, "train_loss": 0.3765265643596649, "val_loss": 0.37669169902801514, "train_acc": 0.8113098894348895, "val_acc": 0.8151389528635038, "train_precision": 0.5914428397894452, "val_precision": 0.6, "train_recall": 0.6988835725677831, "val_recall": 0.7008274984086569, "train_f1": 0.6406901089260911, "val_f1": 0.646506165590135, "_timestamp": 1676999121.2490108, "_runtime": 14.519179821014404, "_step": 10, "_wandb": {"runtime": 13}}