{"epoch": 1, "train_loss": 0.4109135568141937, "val_loss": 0.4090471863746643, "train_acc": 0.7978347665847666, "val_acc": 0.8017810532780593, "train_precision": 0.5675275760021523, "val_precision": 0.5776914539400666, "train_recall": 0.6728867623604465, "val_recall": 0.6626352641629535, "train_f1": 0.6157326328079393, "val_f1": 0.6172546694337384, "_timestamp": 1676991249.375919, "_runtime": 11.229838132858276, "_step": 1, "_wandb": {"runtime": 9}}