{"epoch": 1, "train_loss": 0.4115854799747467, "val_loss": 0.4103725254535675, "train_acc": 0.7974892506142506, "val_acc": 0.8008598188238907, "train_precision": 0.5657807748248049, "val_precision": 0.5743756786102063, "train_recall": 0.6824561403508772, "val_recall": 0.6734563971992361, "train_f1": 0.6186655100122893, "val_f1": 0.6199824201582186, "_timestamp": 1676990407.1633053, "_runtime": 11.910557270050049, "_step": 1, "_wandb": {"runtime": 10}}